{
    "variants" : {
        "spawn:textures/entity/seahorse/black.png" : "outlined_sprite:spawn/seahorse_black.png",
        "spawn:textures/entity/seahorse/blue.png" : "outlined_sprite:spawn/seahorse_blue.png",
        "spawn:textures/entity/seahorse/orange.png" : "outlined_sprite:spawn/seahorse_orange.png",
        "spawn:textures/entity/seahorse/purple.png" : "outlined_sprite:spawn/seahorse_purple.png",
        "spawn:textures/entity/seahorse/white.png" : "outlined_sprite:spawn/seahorse_white.png",
        "spawn:textures/entity/seahorse/yellow.png" : "outlined_sprite:spawn/seahorse_yellow.png"
    }
}