{
	"credit": "Made with Blockbench",
	"parent": "block/block",
	"textures": {
		"0": "pipez:block/item_pipe"
	},
	"elements": [
		{
			"from": [5, 5, 0],
			"to": [11, 11, 5],
			"shade": false,
			"faces": {
				"north": {"uv": [9, 1, 15, 7], "texture": "#0"},
				"east": {"uv": [3, 6, 8, 12], "texture": "#0"},
				"south": {"uv": [9, 1, 15, 7], "texture": "#0"},
				"west": {"uv": [3, 0, 8, 6], "texture": "#0"},
				"up": {"uv": [3, 0, 8, 6], "rotation": 90, "texture": "#0"},
				"down": {"uv": [3, 6, 8, 12], "rotation": 90, "texture": "#0"}
			}
		}
	]
}