{
	"credit": "Made with Blockbench",
	"parent": "block/block",
	"textures": {
		"0": "pipez:block/item_pipe"
	},
	"elements": [
		{
			"from": [4, 4, 0],
			"to": [12, 12, 2],
			"shade": false,
			"faces": {
				"north": {"uv": [8, 8, 16, 16], "texture": "#0"},
				"east": {"uv": [0, 8, 2, 16], "texture": "#0"},
				"south": {"uv": [8, 8, 16, 16], "texture": "#0"},
				"west": {"uv": [0, 8, 2, 16], "texture": "#0"},
				"up": {"uv": [0, 8, 2, 16], "rotation": 90, "texture": "#0"},
				"down": {"uv": [0, 8, 2, 16], "rotation": 90, "texture": "#0"}
			}
		}
	]
}