{
	"credit": "Made with Blockbench",
	"parent": "block/block",
	"textures": {
		"0": "pipez:block/item_pipe"
	},
	"elements": [
		{
			"from": [
				4,
				4,
				4
			],
			"to": [
				12,
				12,
				12
			],
			"shade": false,
			"faces": {
				"north": {
					"uv": [
						8,
						0,
						16,
						8
					],
					"texture": "#0"
				},
				"east": {
					"uv": [
						8,
						0,
						16,
						8
					],
					"texture": "#0"
				},
				"south": {
					"uv": [
						8,
						0,
						16,
						8
					],
					"texture": "#0"
				},
				"west": {
					"uv": [
						8,
						0,
						16,
						8
					],
					"texture": "#0"
				},
				"up": {
					"uv": [
						8,
						0,
						16,
						8
					],
					"texture": "#0"
				},
				"down": {
					"uv": [
						8,
						0,
						16,
						8
					],
					"texture": "#0"
				}
			}
		}
	],
	"display": {
		"thirdperson_righthand": {
			"translation": [
				0,
				1.5,
				0
			],
			"scale": [
				0.5,
				0.5,
				0.5
			]
		},
		"thirdperson_lefthand": {
			"translation": [
				0,
				1.5,
				0
			],
			"scale": [
				0.5,
				0.5,
				0.5
			]
		},
		"firstperson_righthand": {
			"scale": [
				0.5,
				0.5,
				0.5
			]
		},
		"firstperson_lefthand": {
			"scale": [
				0.5,
				0.5,
				0.5
			]
		},
		"ground": {
			"translation": [
				0,
				3,
				0
			],
			"scale": [
				0.5,
				0.5,
				0.5
			]
		},
		"gui": {
			"rotation": [
				30,
				-135,
				0
			],
			"scale": [
				1.2,
				1.2,
				1.2
			]
		},
		"head": {
			"scale": [
				2.5,
				2.5,
				2.5
			]
		},
		"fixed": {
			"scale": [
				1.4,
				1.4,
				1.4
			]
		}
	}
}