{
    "variants" : {
        "sullysmod:textures/entity/copper_golem/copper_golem_0.png" : "outlined_sprite:sullysmod/copper_golem_0.png",
        "sullysmod:textures/entity/copper_golem/copper_golem_1.png" : "outlined_sprite:sullysmod/copper_golem_1.png",
        "sullysmod:textures/entity/copper_golem/copper_golem_2.png" : "outlined_sprite:sullysmod/copper_golem_2.png",
        "sullysmod:textures/entity/copper_golem/copper_golem_3.png" : "outlined_sprite:sullysmod/copper_golem_3.png"
    }
}